Karn, Scion of Urza;16;2;23.50;30.47;110.00
Adamant Will;1;3;0.01;0.13;8.00
Aven Sentry;0;0;0.01;0.12;0.95
Baird, Steward of Argive;0;0;0.05;0.25;4.77
Benalish Honor Guard;0;0;0.01;0.13;0.95
Benalish Marshal;6;4;0.50;1.51;7.00
Blessed Light;0;0;0.01;0.13;0.95
Board the Weatherlight;0;0;0.02;0.20;1.99
Call the Cavalry;0;0;0.01;0.14;0.95
Charge;0;0;0.01;0.14;2.28
D'Avenant Trapper;0;0;0.01;0.13;0.95
Danitha Capashen, Paragon;0;0;0.07;0.37;3.77
Daring Archaeologist;0;0;0.05;0.28;3.00
Dauntless Bodyguard;8;4;0.09;0.37;3.99
Dub;0;0;0.01;0.14;0.60
Evra, Halcyon Witness;0;0;0.09;0.32;7.17
Excavation Elephant;0;0;0.01;0.13;0.95
Fall of the Thran;1;2;0.10;0.46;8.00
Gideon's Reproach;1;1;0.01;0.14;0.95
Healing Grace;0;0;0.01;0.15;1.20
History of Benalia;19;4;21.00;25.00;32.00
Invoke the Divine;4;2;0.01;0.15;1.20
Knight of Grace;12;4;0.10;0.50;2.99
Knight of New Benalia;0;0;0.01;0.13;0.95
Kwende, Pride of Femeref;0;0;0.04;0.24;2.27
Lyra Dawnbringer;35;3;9.00;14.84;32.99
Mesa Unicorn;0;0;0.01;0.13;0.95
On Serra's Wings;0;0;0.03;0.24;1.90
Pegasus Courser;0;0;0.01;0.13;1.30
Sanctum Spirit;0;0;0.01;0.20;1.90
Seal Away;10;3;0.38;1.00;4.77
Sergeant-at-Arms;0;0;0.01;0.14;0.95
Serra Angel;0;0;0.01;50.87;1200.00
Serra Disciple;0;0;0.01;0.13;0.94
Shalai, Voice of Plenty;21;2;1.40;3.07;14.00
Teshar, Ancestor's Apostle;0;0;0.15;0.67;13.33
Tragic Poet;0;0;0.01;0.15;1.90
Triumph of Gerrard;0;0;0.02;0.21;4.99
Urza's Ruinous Blast;2;2;0.15;0.50;5.50
Academy Drake;0;0;0.01;0.13;0.95
Academy Journeymage;0;0;0.01;0.14;1.99
The Antiquities War;0;0;0.20;0.68;8.00
Arcane Flight;0;0;0.01;0.14;0.95
Artificer's Assistant;0;0;0.01;0.15;1.20
Befuddle;0;0;0.01;0.63;4.90
Blink of an Eye;2;2;0.01;0.18;1.90
Cloudreader Sphinx;0;0;0.01;0.12;0.95
Cold-Water Snapper;0;0;0.01;0.14;0.95
Curator's Ward;0;0;0.03;0.20;1.94
Deep Freeze;0;0;0.01;0.14;1.20
Diligent Excavator;0;0;0.02;0.20;1.90
Divination;0;0;0.01;0.15;0.95
Homarid Explorer;0;0;0.01;0.13;1.27
In Bolas's Clutches;0;0;0.02;0.23;2.99
Karn's Temporal Sundering;0;0;0.24;0.57;7.19
Merfolk Trickster;2;4;0.40;0.78;2.99
The Mirari Conjecture;0;0;0.10;0.48;5.00
Naban, Dean of Iteration;0;0;0.20;0.56;6.00
Naru Meha, Master Wizard;0;0;0.50;1.32;5.14
Opt;2;3;0.02;0.63;3.98
Precognition Field;0;0;0.05;0.44;7.00
Relic Runner;0;0;0.01;0.13;0.95
Rescue;0;0;0.01;0.15;1.00
Sage of Lat-Nam;0;0;0.01;0.44;3.95
Sentinel of the Pearl Trident;0;0;0.01;0.20;2.27
Slinn Voda, the Rising Deep;0;0;0.01;0.20;4.47
Syncopate;11;3;0.02;0.22;1.25
Tempest Djinn;2;4;0.20;0.58;4.77
Tetsuko Umezawa, Fugitive;0;0;0.07;0.34;2.27
Time of Ice;0;0;0.04;0.23;3.00
Tolarian Scholar;0;0;0.01;0.13;150.00
Unwind;0;0;0.02;0.15;0.99
Vodalian Arcanist;0;0;0.01;0.14;0.95
Weight of Memory;0;0;0.01;0.21;1.90
Wizard's Retort;2;4;0.25;0.50;3.77
Zahid, Djinn of the Lamp;0;0;0.08;0.40;9.95
Blessing of Belzenlok;0;0;0.01;0.13;0.95
Cabal Evangel;0;0;0.01;0.12;0.95
Cabal Paladin;0;0;0.01;0.13;0.95
Caligo Skin-Witch;0;0;0.01;0.13;0.95
Cast Down;21;3;0.45;0.99;4.99
Chainer's Torment;0;0;0.03;0.23;1.94
Dark Bargain;0;0;0.01;0.15;1.90
Deathbloom Thallid;0;0;0.01;0.14;0.95
Demonic Vigor;0;0;0.01;0.14;1.20
Demonlord Belzenlok;0;0;0.45;1.35;11.00
Divest;0;0;0.01;0.15;1.77
Dread Shade;0;0;0.20;0.54;42.00
Drudge Sentinel;0;0;0.01;0.13;0.99
The Eldest Reborn;25;2;0.08;0.37;3.37
Eviscerate;0;0;0.01;0.13;0.95
Feral Abomination;0;0;0.01;0.13;0.95
Final Parting;0;0;0.05;0.25;1.90
Fungal Infection;2;3;0.01;0.15;1.20
Josu Vess, Lich Knight;0;0;0.21;0.64;6.27
Kazarov, Sengir Pureblood;0;0;0.06;0.28;3.37
Knight of Malice;3;4;0.10;0.37;2.27
Lich's Mastery;0;0;0.10;0.49;4.00
Lingering Phantom;0;0;0.01;0.18;1.90
Phyrexian Scriptures;0;0;0.75;1.73;8.64
Rat Colony;0;0;0.30;0.84;2.87
Rite of Belzenlok;0;0;0.08;0.40;8.00
Settle the Score;0;0;0.03;0.25;1.90
Soul Salvage;0;0;0.01;0.13;0.95
Stronghold Confessor;0;0;0.01;0.14;1.25
Thallid Omnivore;0;0;0.01;0.14;0.95
Thallid Soothsayer;0;0;0.02;0.20;1.90
Torgaar, Famine Incarnate;0;0;0.15;0.48;9.00
Urgoros, the Empty One;0;0;0.01;0.20;2.27
Vicious Offering;0;0;0.01;0.15;0.95
Whisper, Blood Liturgist;0;0;0.04;0.25;2.77
Windgrace Acolyte;0;0;0.01;0.12;0.95
Yargle, Glutton of Urborg;0;0;0.02;0.21;1.90
Yawgmoth's Vile Offering;1;2;0.10;0.50;5.37
Bloodstone Goblin;0;0;0.01;0.14;1.20
Champion of the Flame;0;0;0.04;0.23;2.00
Fervent Strike;0;0;0.01;0.12;0.95
Fiery Intervention;0;0;0.01;0.11;0.95
Fight with Fire;10;3;0.05;0.33;1.90
Fire Elemental;0;0;0.01;7.62;59.99
Firefist Adept;0;0;0.01;0.20;1.94
The First Eruption;0;0;0.01;0.29;4.00
The Flame of Keld;2;4;0.10;0.39;2.98
Frenzied Rage;0;0;0.01;0.15;0.95
Ghitu Chronicler;0;0;0.01;0.13;0.95
Ghitu Journeymage;0;0;0.01;0.13;0.99
Ghitu Lavarunner;3;4;0.01;0.21;1.18
Goblin Barrage;0;0;0.02;0.21;1.90
Goblin Chainwhirler;15;4;3.00;4.58;8.50
Goblin Warchief;0;0;0.10;1.37;5.95
Haphazard Bombardment;0;0;0.04;0.25;9.65
Jaya Ballard;2;1;2.89;4.27;16.00
Jaya's Immolating Inferno;0;0;0.09;0.47;4.00
Keldon Overseer;0;0;0.01;0.13;1.20
Keldon Raider;0;0;0.01;0.12;0.95
Keldon Warcaller;0;0;0.01;0.13;1.20
Orcish Vandal;0;0;0.01;0.19;1.90
Radiating Lightning;0;0;0.01;0.77;6.96
Rampaging Cyclops;0;0;0.01;0.13;0.99
Run Amok;0;0;0.01;0.14;0.95
Seismic Shift;0;0;0.01;0.11;0.95
Shivan Fire;17;3;0.01;0.14;0.95
Siege-Gang Commander;5;3;0.20;1.61;9.64
Skirk Prospector;1;4;0.02;0.49;4.79
Skizzik;0;0;0.02;0.44;1.90
Squee, the Immortal;0;0;0.25;0.61;3.19
Two-Headed Giant;0;0;0.05;0.28;4.86
Valduk, Keeper of the Flame;0;0;0.03;0.24;1.98
Verix Bladewing;2;2;1.10;2.83;4.99
Warcry Phoenix;0;0;0.01;0.20;1.90
Warlord's Fury;1;3;0.01;0.15;1.20
Wizard's Lightning;2;4;0.76;2.19;3.99
Adventurous Impulse;2;4;0.03;0.18;1.90
Ancient Animus;0;0;0.01;0.14;0.95
Arbor Armament;0;0;0.01;0.13;0.95
Baloth Gorger;0;0;0.01;0.13;1.20
Broken Bond;0;0;0.03;0.17;1.90
Corrosive Ooze;0;0;0.01;0.15;1.20
Elfhame Druid;0;0;0.02;0.21;1.90
Fungal Plots;0;0;0.02;0.24;1.90
Gaea's Blessing;0;0;0.02;0.39;2.49
Gaea's Protector;0;0;0.01;0.13;2.34
Gift of Growth;0;0;0.01;0.14;0.98
Grow from the Ashes;0;0;0.02;0.16;0.95
Grunn, the Lonely King;0;0;0.02;0.20;50.00
Kamahl's Druidic Vow;0;0;0.05;0.37;7.00
Krosan Druid;0;0;0.01;0.13;0.95
Llanowar Elves;11;4;0.01;14.43;629.00
Llanowar Envoy;0;0;0.01;0.13;1.00
Llanowar Scout;0;0;0.01;0.15;1.20
Mammoth Spider;0;0;0.01;0.13;0.95
Marwyn, the Nurturer;0;0;0.25;0.64;5.27
The Mending of Dominaria;0;0;0.10;0.50;5.77
Multani, Yavimaya's Avatar;0;0;1.25;2.14;7.77
Nature's Spiral;0;0;0.01;0.22;1.90
Pierce the Sky;0;0;0.01;0.13;0.95
Primordial Wurm;0;0;0.01;0.13;0.95
Saproling Migration;1;4;0.01;0.15;0.95
Song of Freyalise;1;4;0.20;0.71;8.00
Spore Swarm;0;0;0.05;0.25;1.90
Sporecrown Thallid;0;0;0.15;0.35;2.47
Steel Leaf Champion;6;4;2.75;3.99;9.99
Sylvan Awakening;0;0;0.10;0.50;4.77
Territorial Allosaurus;2;3;0.10;0.48;4.99
Thorn Elemental;0;0;0.02;0.48;2.97
Untamed Kavu;2;2;0.01;0.24;1.90
Verdant Force;0;0;0.05;0.58;3.77
Wild Onslaught;0;0;0.01;0.20;1.20
Yavimaya Sapherd;1;4;0.01;0.14;0.60
Adeliz, the Cinder Wind;0;0;0.15;0.40;3.77
Arvad the Cursed;0;0;0.04;0.25;2.77
Aryel, Knight of Windgrace;0;0;0.15;0.46;7.00
Darigaaz Reincarnated;0;0;0.40;1.13;9.17
Garna, the Bloodflame;0;0;0.02;0.23;3.77
Grand Warlord Radha;0;0;0.15;0.50;7.19
Hallar, the Firefletcher;0;0;0.02;0.20;2.27
Jhoira, Weatherlight Captain;0;0;0.83;2.27;15.00
Jodah, Archmage Eternal;0;0;0.10;0.45;5.37
Muldrotha, the Gravetide;0;0;2.00;4.33;10.99
Oath of Teferi;0;0;0.14;0.56;7.00
Primevals' Glorious Rebirth;0;0;0.08;0.39;4.47
Raff Capashen, Ship's Mage;0;0;0.05;0.25;2.27
Rona, Disciple of Gix;0;0;0.01;0.23;2.27
Shanna, Sisay's Legacy;3;2;0.05;0.25;5.28
Slimefoot, the Stowaway;0;0;0.10;0.29;3.14
Tatyova, Benthic Druid;0;0;0.07;0.29;3.14
Teferi, Hero of Dominaria;13;4;41.61;47.99;75.00
Tiana, Ship's Caretaker;0;0;0.01;0.23;3.00
Aesthir Glider;0;0;0.01;0.17;0.95
Amaranthine Wall;0;0;0.01;0.20;1.90
Blackblade Reforged;0;0;0.49;0.99;4.77
Bloodtallow Candle;0;0;0.01;0.12;0.95
Damping Sphere;0;0;0.75;1.50;7.77
Forebear's Blade;0;0;0.25;0.69;8.77
Gilded Lotus;0;0;1.50;5.13;14.99
Guardians of Koilos;0;0;0.01;0.13;0.95
Helm of the Host;0;0;1.45;2.60;9.00
Howling Golem;0;0;0.01;0.19;1.90
Icy Manipulator;0;0;0.03;89.84;600.00
Jhoira's Familiar;0;0;0.03;0.25;2.00
Jousting Lance;0;0;0.01;0.14;0.95
Juggernaut;0;0;0.01;44.33;810.00
Mishra's Self-Replicator;0;0;0.08;0.33;7.00
Mox Amber;1;2;8.36;11.10;52.66
Navigator's Compass;0;0;0.01;0.15;1.20
Pardic Wanderer;0;0;0.01;0.14;0.95
Powerstone Shard;0;0;0.02;0.15;1.00
Shield of the Realm;0;0;0.02;0.20;1.90
Short Sword;0;0;0.01;0.13;0.95
Skittering Surveyor;0;0;0.01;0.15;0.99
Sorcerer's Wand;0;0;0.01;0.22;1.90
Sparring Construct;0;0;0.01;0.14;1.20
Thran Temporal Gateway;0;0;0.20;0.60;6.27
Traxos, Scourge of Kroog;0;0;0.15;0.65;7.96
Urza's Tome;0;0;0.01;0.19;2.27
Voltaic Servant;0;0;0.01;0.15;1.99
Weatherlight;0;0;0.25;1.16;7.77
Cabal Stronghold;1;4;0.49;1.00;6.99
Clifftop Retreat;21;4;1.55;3.62;11.00
Hinterland Harbor;3;4;1.99;3.46;11.27
Isolated Chapel;10;4;1.75;3.79;10.51
Memorial to Folly;4;3;0.04;0.25;2.37
Memorial to Genius;2;2;0.04;0.23;10.00
Memorial to Glory;2;2;0.02;0.20;2.37
Memorial to Unity;0;0;0.04;0.24;2.37
Memorial to War;0;0;0.01;0.20;1.90
Sulfur Falls;10;4;0.50;5.95;14.99
Woodland Cemetery;17;4;3.50;5.19;11.00
Zhalfirin Void;0;0;0.15;0.39;2.99
Teferi, Timebender;0;0;;;4.31
Temporal Machinations;0;0;0.04;0.14;0.50
Niambi, Faithful Healer;0;0;0.08;0.40;5.94
Teferi's Sentinel;0;0;0.05;0.19;0.50
Meandering River;3;3;0.01;0.19;1.90
Chandra, Bold Pyromancer;0;0;;;4.35
Chandra's Outburst;0;0;0.10;0.41;2.00
Karplusan Hound;0;0;0.05;0.14;0.50
Pyromantic Pilgrim;0;0;0.03;0.13;0.99
Timber Gorge;0;0;0.01;0.17;1.90
Firesong and Sunspeaker;0;0;;;4.75
Aegis of the Heavens;0;0;0.01;0.19;1.99
Aethershield Artificer;0;0;0.01;0.20;1.99
Ajani, Adversary of Tyrants;10;2;7.28;10.49;17.99
Ajani's Last Stand;0;0;0.07;0.29;2.27
Ajani's Pridemate;0;0;0.05;0.41;2.27
Ajani's Welcome;0;0;0.08;0.29;1.99
Angel of the Dawn;0;0;0.01;0.14;1.90
Cavalry Drillmaster;1;3;0.01;0.14;0.95
Cleansing Nova;8;2;1.00;2.00;5.00
Daybreak Chaplain;0;0;0.01;0.14;0.95
Dwarven Priest;0;0;0.01;0.14;1.90
Gallant Cavalry;0;0;0.01;0.14;0.95
Herald of Faith;0;0;0.01;0.20;1.99
Hieromancer's Cage;0;0;0.01;0.22;1.99
Inspired Charge;0;0;0.01;0.14;1.96
Invoke the Divine;4;2;0.01;0.15;1.20
Isolate;0;0;0.08;0.64;2.40
Knight of the Tusk;0;0;0.01;0.14;1.90
Knight's Pledge;0;0;0.01;0.15;0.95
Knightly Valor;0;0;0.01;0.19;1.99
Lena, Selfless Champion;0;0;0.09;0.39;2.27
Leonin Vanguard;1;4;0.03;0.25;1.99
Leonin Warleader;0;0;0.50;1.41;6.99
Loxodon Line Breaker;0;0;0.01;0.14;0.95
Luminous Bonds;0;0;0.01;0.13;150.00
Make a Stand;2;2;0.01;0.23;3.20
Mentor of the Meek;0;0;0.15;0.76;6.99
Mighty Leap;0;0;0.01;0.15;1.92
Militia Bugler;1;4;0.15;0.50;2.27
Novice Knight;0;0;0.04;0.19;1.97
Oreskos Swiftclaw;0;0;0.01;0.15;1.90
Pegasus Courser;0;0;0.01;0.13;1.30
Remorseful Cleric;3;4;0.89;1.85;95.00
Resplendent Angel;6;4;8.16;11.85;22.00
Revitalize;0;0;0.01;0.13;0.95
Rustwing Falcon;1;4;0.01;0.13;0.95
Shield Mare;5;3;0.04;0.24;1.99
Star-Crowned Stag;0;0;0.01;0.13;0.95
Suncleanser;0;0;0.15;0.45;2.99
Take Vengeance;0;0;0.01;0.14;0.95
Trusty Packbeast;0;0;0.01;0.14;1.90
Valiant Knight;2;3;0.20;0.74;4.45
Aether Tunnel;0;0;0.01;0.20;1.99
Anticipate;1;4;0.01;0.15;0.95
Aven Wind Mage;0;0;0.01;0.14;0.95
Aviation Pioneer;0;0;0.01;0.14;0.95
Bone to Ash;0;0;0.01;0.16;1.99
Cancel;0;0;0.01;0.26;10.00
Departed Deckhand;0;0;0.01;0.20;1.99
Disperse;0;0;0.01;0.15;2.12
Divination;0;0;0.01;0.15;0.95
Djinn of Wishes;0;0;0.05;0.32;2.95
Dwindle;0;0;0.01;0.13;0.95
Essence Scatter;15;3;0.01;0.17;1.22
Exclusion Mage;2;2;0.04;0.25;1.99
Frilled Sea Serpent;0;0;0.01;0.14;1.90
Gearsmith Prodigy;0;0;0.01;0.14;0.95
Ghostform;0;0;0.01;0.15;0.95
Horizon Scholar;0;0;0.01;0.19;1.99
Metamorphic Alteration;1;2;0.13;0.43;2.27
Mirror Image;0;0;0.07;0.26;1.99
Mistcaller;0;0;0.10;0.50;3.77
Mystic Archaeologist;1;2;0.08;0.31;2.27
Omenspeaker;0;0;0.01;0.15;1.90
Omniscience;0;0;3.99;7.91;34.99
One with the Machine;0;0;0.08;0.33;2.27
Patient Rebuilding;0;0;0.20;0.49;2.27
Psychic Corrosion;0;0;0.15;0.39;2.27
Sai, Master Thopterist;0;0;1.39;3.31;7.99
Salvager of Secrets;0;0;0.01;0.15;0.99
Scholar of Stars;0;0;0.01;0.14;0.95
Sift;0;0;0.01;0.16;1.99
Skilled Animator;0;0;0.01;0.18;1.99
Sleep;2;2;0.01;0.21;2.95
Snapping Drake;0;0;0.01;0.16;150.00
Supreme Phantom;0;0;1.60;2.99;19.99
Surge Mare;0;0;0.01;0.20;1.99
Switcheroo;0;0;0.01;0.20;1.99
Tezzeret, Artifice Master;0;0;4.98;9.80;25.00
Tolarian Scholar;0;0;0.01;0.13;150.00
Totally Lost;0;0;0.01;0.15;0.95
Uncomfortable Chill;0;0;0.01;0.14;1.90
Wall of Mist;0;0;0.01;0.13;150.00
Windreader Sphinx;0;0;0.04;0.54;5.40
Abnormal Endurance;0;0;0.01;0.14;0.95
Blood Divination;0;0;0.01;0.20;1.99
Bogstomper;0;0;0.01;0.15;0.95
Bone Dragon;1;1;0.60;1.99;7.77
Child of Night;0;0;0.01;0.14;2.04
Death Baron;0;0;1.45;8.49;25.39
Demon of Catastrophes;0;0;0.20;0.50;2.27
Diregraf Ghoul;0;0;0.02;1.40;7.49
Doomed Dissenter;0;0;0.01;0.14;5.00
Duress;30;4;0.01;3.52;51.40
Epicure of Blood;0;0;0.01;0.14;0.95
Fell Specter;0;0;0.03;0.24;1.99
Fraying Omnipotence;0;0;0.05;0.30;2.60
Gravedigger;0;0;0.01;0.18;150.00
Graveyard Marshal;0;0;0.50;1.78;5.00
Hired Blade;0;0;0.01;0.14;1.90
Infectious Horror;0;0;0.01;0.16;0.95
Infernal Reckoning;3;2;0.20;0.70;25.00
Infernal Scarring;0;0;0.01;0.15;0.95
Isareth the Awakener;3;3;0.20;0.88;3.00
Lich's Caress;0;0;0.01;0.14;1.90
Liliana, Untouched by Death;0;0;2.70;6.81;18.88
Liliana's Contract;0;0;0.15;0.45;2.27
Macabre Waltz;0;0;0.01;0.15;1.96
Mind Rot;0;0;0.01;0.17;150.00
Murder;0;0;0.02;0.21;2.25
Nightmare's Thirst;0;0;0.02;0.21;1.99
Open the Graves;0;0;0.15;0.39;2.27
Phylactery Lich;0;0;0.01;0.38;2.27
Plague Mare;5;2;0.03;0.25;1.99
Ravenous Harpy;0;0;0.01;0.20;1.99
Reassembling Skeleton;0;0;0.02;0.24;1.99
Rise from the Grave;0;0;0.01;0.21;3.72
Skeleton Archer;0;0;0.01;0.14;0.95
Skymarch Bloodletter;0;0;0.01;0.14;0.95
Sovereign's Bite;0;0;0.01;0.13;0.95
Stitcher's Supplier;1;4;1.10;2.23;4.49
Strangling Spores;0;0;0.01;0.12;0.95
Two-Headed Zombie;0;0;0.01;0.14;0.95
Vampire Neonate;0;0;0.01;0.13;1.00
Vampire Sovereign;0;0;0.02;0.17;1.99
Walking Corpse;0;0;0.01;0.16;1.75
Act of Treason;0;0;0.01;0.16;1.20
Alpine Moon;0;0;0.25;1.25;5.27
Apex of Power;0;0;0.39;0.79;7.77
Banefire;14;3;0.45;1.57;199.00
Boggart Brute;0;0;0.01;0.14;0.95
Catalyst Elemental;0;0;0.01;0.15;1.90
Crash Through;1;4;0.01;0.15;1.90
Dark-Dweller Oracle;0;0;0.19;0.58;4.99
Demanding Dragon;2;4;0.26;1.15;3.27
Dismissive Pyromancer;4;3;0.08;0.38;3.00
Doublecast;0;0;0.05;0.23;1.99
Dragon Egg;0;0;0.01;0.20;1.99
Electrify;0;0;0.01;0.13;0.95
Fiery Finish;0;0;0.01;0.20;1.99
Fire Elemental;0;0;0.01;7.62;59.99
Goblin Instigator;1;3;0.03;0.22;1.90
Goblin Motivator;0;0;0.02;0.14;0.95
Goblin Trashmaster;1;2;0.65;1.12;5.00
Guttersnipe;0;0;0.04;0.25;24.00
Havoc Devils;0;0;0.01;0.14;0.95
Hostile Minotaur;0;0;0.01;0.14;0.95
Inferno Hellion;0;0;0.01;0.19;1.99
Lathliss, Dragon Queen;1;1;0.50;1.10;3.27
Lava Axe;0;0;0.01;0.18;2.42
Lightning Mare;2;3;0.03;0.23;1.99
Lightning Strike;17;4;0.02;0.18;2.10
Onakke Ogre;0;0;0.01;0.13;1.90
Sarkhan, Fireblood;4;3;10.00;13.74;30.00
Sarkhan's Unsealing;0;0;0.33;1.10;4.00
Shock;11;4;0.01;0.20;10.00
Siegebreaker Giant;0;0;0.01;0.18;1.99
Smelt;0;0;0.01;0.15;0.95
Sparktongue Dragon;0;0;0.01;0.14;0.95
Spit Flame;3;2;0.15;0.50;3.97
Sure Strike;0;0;0.01;0.13;150.00
Tectonic Rift;0;0;0.01;0.20;1.99
Thud;0;0;0.03;0.20;1.99
Tormenting Voice;1;2;0.01;0.15;2.00
Trumpet Blast;0;0;0.01;0.15;5.00
Viashino Pyromancer;2;4;0.03;0.15;1.04
Volcanic Dragon;0;0;0.01;0.50;2.00
Volley Veteran;2;2;0.03;0.21;1.99
Blanchwood Armor;0;0;0.02;0.38;1.99
Bristling Boar;0;0;0.01;0.13;1.90
Centaur Courser;0;0;0.01;0.16;1.90
Colossal Dreadmaw;0;0;0.01;0.13;150.00
Colossal Majesty;0;0;0.05;0.25;1.99
Daggerback Basilisk;0;0;0.01;0.15;0.95
Declare Dominance;0;0;0.01;0.20;1.99
Druid of Horns;0;0;0.01;0.19;1.99
Druid of the Cowl;1;4;0.01;0.15;1.90
Dryad Greenseeker;4;4;0.05;0.25;1.99
Elvish Clancaller;0;0;0.75;1.65;3.99
Elvish Rejuvenator;2;3;0.02;0.14;0.95
Ghastbark Twins;0;0;0.01;0.20;1.99
Ghirapur Guide;0;0;0.01;0.19;3.28
Giant Spider;0;0;0.01;1.90;120.00
Gift of Paradise;1;4;0.01;0.18;1.99
Gigantosaurus;0;0;1.06;2.07;4.99
Goreclaw, Terror of Qal Sisma;0;0;0.50;1.37;3.99
Greenwood Sentinel;0;0;0.01;0.13;0.95
Highland Game;0;0;0.01;0.14;0.95
Hungering Hydra;0;0;0.24;0.56;5.00
Naturalize;0;0;0.01;0.16;1.90
Oakenform;0;0;0.01;0.15;0.95
Pelakka Wurm;0;0;0.05;0.27;3.10
Plummet;0;0;0.01;0.16;10.00
Prodigious Growth;0;0;0.08;0.31;2.27
Rabid Bite;0;0;0.01;0.21;2.04
Reclamation Sage;2;2;0.04;1.58;19.99
Recollect;0;0;0.01;0.30;5.99
Rhox Oracle;0;0;0.01;0.14;0.95
Root Snare;1;3;0.01;0.14;1.90
Runic Armasaur;0;0;0.44;1.75;5.00
Scapeshift;0;0;7.00;14.74;60.68
Talons of Wildwood;0;0;0.01;0.14;0.95
Thorn Lieutenant;12;4;1.15;2.93;6.00
Thornhide Wolves;0;0;0.01;0.14;2.00
Titanic Growth;0;0;0.01;0.15;0.95
Vigilant Baloth;0;0;0.01;0.20;1.99
Vine Mare;7;3;0.50;1.20;2.99
Vivien Reid;14;2;6.62;9.05;13.98
Vivien's Invocation;0;0;0.05;0.28;2.27
Wall of Vines;0;0;0.01;0.15;0.95
Aerial Engineer;0;0;0.01;0.20;1.99
Arcades, the Strategist;0;0;2.19;5.00;11.99
Brawl-Bash Ogre;0;0;0.01;0.19;1.99
Chromium, the Mutable;2;1;1.00;3.58;12.99
Draconic Disciple;0;0;0.02;0.21;1.99
Enigma Drake;1;4;0.02;0.24;1.99
Heroic Reinforcements;2;4;0.01;0.21;1.99
Nicol Bolas, the Ravager;3;4;19.00;27.39;47.99
Nicol Bolas, the Arisen;0;0;;;
Palladia-Mors, the Ruiner;0;0;0.25;1.89;7.77
Poison-Tip Archer;0;0;0.05;0.24;1.99
Psychic Symbiont;0;0;0.01;0.20;1.99
Regal Bloodlord;0;0;0.02;0.21;1.99
Satyr Enchanter;0;0;0.08;0.28;2.27
Skyrider Patrol;0;0;0.01;0.20;1.99
Vaevictis Asmadi, the Dire;0;0;0.50;2.25;7.17
Amulet of Safekeeping;0;0;0.07;0.49;3.37
Arcane Encyclopedia;0;0;0.01;0.18;1.99
Chaos Wand;0;0;0.15;0.40;2.40
Crucible of Worlds;0;0;13.00;24.79;90.00
Desecrated Tomb;0;0;0.20;0.49;2.27
Diamond Mare;3;4;0.07;0.32;1.99
Dragon's Hoard;0;0;0.45;0.90;60.00
Explosive Apparatus;0;0;0.01;0.14;1.96
Field Creeper;0;0;0.01;0.15;2.08
Fountain of Renewal;0;0;0.08;0.38;2.00
Gargoyle Sentinel;0;0;0.01;0.19;1.99
Gearsmith Guardian;0;0;0.01;0.14;0.95
Magistrate's Scepter;0;0;0.05;2.18;7.99
Manalith;0;0;0.01;0.17;1.90
Marauder's Axe;0;0;0.01;0.14;0.95
Meteor Golem;0;0;0.04;0.24;1.99
Millstone;0;0;0.01;1.28;13.49
Rogue's Gloves;0;0;0.01;0.23;1.99
Sigiled Sword of Valeron;0;0;0.10;0.36;6.34
Skyscanner;0;0;0.01;0.14;0.95
Suspicious Bookcase;0;0;0.02;0.17;1.99
Transmogrifying Wand;0;0;0.10;0.45;2.36
Cinder Barrens;0;0;0.01;0.18;1.48
Detection Tower;1;1;0.35;0.69;4.47
Forsaken Sanctuary;0;0;0.02;0.21;1.99
Foul Orchard;0;0;0.02;0.19;1.90
Highland Lake;0;0;0.01;0.20;2.09
Meandering River;3;3;0.01;0.19;1.90
Reliquary Tower;0;0;0.75;3.65;12.99
Rupture Spire;0;0;0.01;0.22;150.00
Stone Quarry;0;0;0.01;0.18;4.04
Submerged Boneyard;0;0;0.01;0.18;1.52
Timber Gorge;0;0;0.01;0.17;1.90
Tranquil Expanse;0;0;0.01;0.20;1.90
Woodland Stream;0;0;0.02;0.18;3.20
Ajani, Wise Counselor;0;0;;;6.87
Ajani's Influence;0;0;0.49;0.89;2.99
Court Cleric;0;0;0.13;0.25;2.50
Serra's Guardian;0;0;0.98;1.95;4.90
Silverbeak Griffin;0;0;0.49;0.99;1.99
Tezzeret, Cruel Machinist;0;0;;;5.21
Riddlemaster Sphinx;0;0;0.10;0.44;9.99
Pendulum of Patterns;0;0;0.02;0.13;1.90
Tezzeret's Gatebreaker;0;0;0.35;0.65;1.99
Tezzeret's Strider;0;0;0.07;0.25;1.99
Liliana, the Necromancer;0;0;;;7.61
Arisen Gorgon;0;0;0.15;0.25;1.99
Gravewaker;0;0;0.20;0.72;19.99
Liliana's Spoils;0;0;0.35;0.75;1.99
Tattered Mummy;0;0;0.08;0.84;49.00
Sarkhan, Dragonsoul;0;0;;;10.00
Kargan Dragonrider;0;0;0.10;0.24;9.99
Sarkhan's Dragonfire;0;0;0.39;0.60;3.98
Sarkhan's Whelp;0;0;0.70;1.35;2.99
Shivan Dragon;0;0;0.05;14.57;299.99
Vivien of the Arkbow;0;0;;;5.58
Aggressive Mammoth;0;0;2.00;3.88;17.99
Skalla Wolf;0;0;0.32;0.50;3.98
Ursine Champion;0;0;0.10;0.23;19.99
Vivien's Jaguar;0;0;0.10;0.26;1.99
Nexus of Fate;2;4;;;23.53
Sun Sentinel;0;0;0.01;0.75;9.50
Air Elemental;0;0;0.01;9.60;149.99
Befuddle;0;0;0.01;0.63;4.90
Mist-Cloaked Herald;2;4;0.05;1.10;4.45
Waterknot;0;0;0.01;0.28;9.99
Grasping Scoundrel;0;0;0.01;1.72;4.69
Radiating Lightning;0;0;0.01;0.77;6.96
Llanowar Elves;11;4;0.01;14.43;629.00
Baffling End;8;3;0.05;0.30;1.90
Bishop of Binding;0;0;0.10;0.39;3.17
Blazing Hope;0;0;0.01;0.22;1.90
Cleansing Ray;0;0;0.01;0.15;0.95
Divine Verdict;0;0;0.01;0.16;1.00
Everdawn Champion;0;0;0.02;0.20;1.90
Exultant Skymarcher;0;0;0.01;0.14;0.95
Famished Paladin;0;0;0.01;0.22;1.90
Forerunner of the Legion;0;0;0.07;0.25;1.90
Imperial Ceratops;0;0;0.01;0.20;1.90
Legion Conquistador;0;0;0.01;0.14;0.95
Luminous Bonds;0;0;0.01;0.13;150.00
Majestic Heliopterus;0;0;0.01;0.20;1.90
Martyr of Dusk;0;0;0.02;0.15;0.95
Moment of Triumph;0;0;0.01;0.15;0.95
Paladin of Atonement;0;0;0.15;0.46;4.17
Pride of Conquerors;3;3;0.03;0.23;1.90
Radiant Destiny;2;2;2.00;3.67;6.99
Raptor Companion;0;0;0.01;0.14;0.95
Sanguine Glorifier;0;0;0.01;0.14;0.95
Skymarcher Aspirant;5;4;0.15;0.40;1.98
Slaughter the Strong;0;0;0.40;0.81;3.77
Snubhorn Sentry;4;4;0.01;0.15;0.95
Sphinx's Decree;0;0;0.05;0.30;2.77
Squire's Devotion;0;0;0.01;0.15;0.95
Sun Sentinel;0;0;0.01;0.75;9.50
Sun-Crested Pterodon;0;0;0.01;0.14;0.95
Temple Altisaur;0;0;0.15;0.41;3.17
Trapjaw Tyrant;0;0;1.00;2.13;12.99
Zetalpa, Primal Dawn;0;0;0.75;1.42;3.99
Admiral's Order;0;0;0.23;0.51;5.00
Aquatic Incursion;0;0;0.01;0.21;1.90
Crafty Cutpurse;0;0;0.08;0.36;3.77
Crashing Tide;0;0;0.01;0.15;0.95
Curious Obsession;2;4;0.24;0.96;3.99
Deadeye Rig-Hauler;0;0;0.01;0.15;0.95
Expel from Orazca;0;0;0.01;0.22;1.90
Flood of Recollection;0;0;0.01;0.25;1.90
Hornswoggle;0;0;0.03;0.23;1.90
Induced Amnesia;0;0;0.05;0.40;4.99
Kitesail Corsair;0;0;0.01;0.16;0.95
Kumena's Awakening;0;0;0.13;0.36;2.27
Mist-Cloaked Herald;2;4;0.05;1.10;4.45
Negate;25;3;0.01;1.32;25.76
Nezahal, Primal Tide;5;1;1.50;2.71;4.09
Release to the Wind;0;0;0.10;0.49;4.97
River Darter;0;0;0.01;0.14;0.95
Riverwise Augur;0;0;0.04;0.24;1.90
Sailor of Means;0;0;0.01;0.14;0.95
Sea Legs;0;0;0.01;0.15;0.95
Seafloor Oracle;0;0;0.18;0.50;3.17
Secrets of the Golden City;0;0;0.01;0.15;0.99
Silvergill Adept;0;0;0.20;1.27;12.92
Siren Reaver;0;0;0.01;0.20;9.00
Slippery Scoundrel;0;0;0.02;0.24;1.90
Soul of the Rapids;0;0;0.01;0.14;0.95
Spire Winder;0;0;0.01;0.15;0.97
Sworn Guardian;0;0;0.01;0.14;0.95
Timestream Navigator;0;0;1.89;2.70;7.17
Warkite Marauder;1;2;0.70;1.81;7.95
Waterknot;0;0;0.01;0.28;9.99
Arterial Flow;0;0;0.02;0.25;1.90
Canal Monitor;0;0;0.01;0.14;0.95
Champion of Dusk;0;0;0.09;0.45;3.77
Dark Inquiry;0;0;0.01;0.15;0.95
Dead Man's Chest;0;0;0.10;0.38;2.27
Dinosaur Hunter;0;0;0.01;0.14;0.95
Dire Fleet Poisoner;0;0;0.30;0.99;5.00
Dusk Charger;0;0;0.01;0.14;0.95
Dusk Legion Zealot;2;4;0.02;0.19;1.90
Fathom Fleet Boarder;0;0;0.01;0.14;0.95
Forerunner of the Coalition;0;0;0.08;0.25;1.90
Golden Demise;8;2;0.05;0.29;1.90
Grasping Scoundrel;0;0;0.01;1.72;4.69
Gruesome Fate;0;0;0.01;0.15;0.95
Impale;0;0;0.01;0.13;0.95
Mastermind's Acquisition;0;0;0.73;1.25;5.00
Mausoleum Harpy;0;0;0.01;0.19;1.90
Moment of Craving;13;2;0.01;0.17;1.20
Oathsworn Vampire;0;0;0.05;0.25;1.90
Pitiless Plunderer;0;0;0.02;0.23;1.90
Ravenous Chupacabra;15;3;0.19;0.78;3.95
Reaver Ambush;0;0;0.01;0.20;1.90
Recover;0;0;0.01;0.16;1.00
Sadistic Skymarcher;0;0;0.03;0.21;1.90
Tetzimoc, Primal Death;2;1;0.25;0.77;6.95
Tomb Robber;0;0;0.09;0.43;2.27
Twilight Prophet;0;0;6.99;8.93;19.95
Vampire Revenant;0;0;0.01;0.14;0.95
Vona's Hunger;0;0;0.10;0.68;3.37
Voracious Vampire;0;0;0.01;0.14;0.95
Blood Sun;0;0;0.50;1.33;50.00
Bombard;0;0;0.01;0.14;0.95
Brass's Bounty;0;0;0.10;0.37;1.50
Brazen Freebooter;0;0;0.01;0.14;0.95
Buccaneer's Bravado;0;0;0.01;0.15;0.95
Charging Tuskodon;0;0;0.02;0.21;1.90
Daring Buccaneer;0;0;0.05;0.25;1.90
Dire Fleet Daredevil;3;2;1.00;3.29;19.99
Etali, Primal Storm;0;0;3.00;4.49;8.98
Fanatical Firebrand;4;4;0.05;0.20;1.90
Forerunner of the Empire;0;0;0.06;0.25;16.00
Form of the Dinosaur;1;2;0.05;0.33;2.27
Frilled Deathspitter;0;0;0.01;0.15;0.95
Goblin Trailblazer;0;0;0.01;0.15;0.95
Mutiny;0;0;0.01;0.15;0.95
Needletooth Raptor;0;0;0.02;0.21;1.90
Orazca Raptor;0;0;0.01;0.13;0.95
Pirate's Pillage;0;0;0.03;0.21;1.90
Reckless Rage;0;0;0.05;0.25;1.90
Rekindling Phoenix;20;3;18.14;24.76;39.99
See Red;0;0;0.01;0.22;1.90
Shake the Foundations;0;0;0.02;0.22;1.90
Shatter;0;0;0.01;5.88;139.99
Silverclad Ferocidons;0;0;0.15;0.46;2.27
Stampeding Horncrest;0;0;0.01;0.15;0.95
Storm Fleet Swashbuckler;0;0;0.02;0.22;1.90
Sun-Collared Raptor;0;0;0.01;0.14;0.95
Swaggering Corsair;0;0;0.01;0.14;0.95
Tilonalli's Crown;0;0;0.01;0.15;0.95
Tilonalli's Summoner;0;0;0.10;0.50;5.97
Aggressive Urge;0;0;0.01;0.16;0.95
Cacophodon;0;0;0.02;0.20;1.90
Cherished Hatchling;0;0;0.03;0.23;1.90
Colossal Dreadmaw;0;0;0.01;0.13;150.00
Crested Herdcaller;0;0;0.01;0.21;1.90
Deeproot Elite;0;0;0.40;1.29;5.99
Enter the Unknown;0;0;0.09;0.26;1.90
Forerunner of the Heralds;0;0;0.03;0.25;1.90
Ghalta, Primal Hunger;5;3;7.00;9.79;149.71
Giltgrove Stalker;0;0;0.01;0.15;0.95
Hardy Veteran;0;0;0.01;0.14;0.95
Hunt the Weak;0;0;0.01;0.14;1.84
Jade Bearer;0;0;0.01;0.15;0.95
Jadecraft Artisan;0;0;0.01;0.13;0.95
Jadelight Ranger;10;4;4.80;6.99;13.99
Jungleborn Pioneer;0;0;0.01;0.15;0.95
Knight of the Stampede;0;0;0.01;0.15;1.00
Naturalize;0;0;0.01;0.16;1.90
Orazca Frillback;0;0;0.01;0.14;0.95
Overgrown Armasaur;0;0;0.01;0.15;0.95
Path of Discovery;0;0;0.45;0.83;3.95
Plummet;0;0;0.01;0.16;10.00
Polyraptor;0;0;1.52;3.01;10.95
Strength of the Pack;0;0;0.01;0.20;2.00
Swift Warden;0;0;0.01;0.23;1.98
Tendershoot Dryad;2;2;2.67;4.41;9.99
Thrashing Brontodon;15;3;1.00;2.24;4.99
Thunderherd Migration;1;4;0.05;0.29;1.90
Wayward Swordtooth;0;0;4.00;5.40;9.99
World Shaper;0;0;0.50;0.99;3.27
Angrath, the Flame-Chained;2;1;4.47;5.99;12.03
Atzocan Seer;0;0;0.05;0.22;1.90
Azor, the Lawbringer;0;0;1.15;1.81;9.99
Deadeye Brawler;0;0;0.02;0.22;1.90
Dire Fleet Neckbreaker;0;0;0.03;0.22;1.90
Elenda, the Dusk Rose;0;0;5.00;7.12;14.95
Hadana's Climb;0;0;0.85;1.86;5.40
Winged Temple of Orazca;0;0;;;
Huatli, Radiant Champion;0;0;4.60;5.99;14.98
Journey to Eternity;0;0;1.10;2.51;9.99
Atzal, Cave of Eternity;0;0;;;
Jungle Creeper;0;0;0.01;0.20;1.90
Kumena, Tyrant of Orazca;0;0;4.06;6.35;22.99
Legion Lieutenant;1;4;0.40;0.85;2.00
Merfolk Mistbinder;0;0;0.25;0.78;2.95
Path of Mettle;1;2;0.35;0.91;8.93
Metzali, Tower of Triumph;0;0;;;
Profane Procession;2;1;0.44;0.79;5.50
Tomb of the Dusk Rose;0;0;;;
Protean Raider;0;0;0.10;0.46;2.27
Raging Regisaur;0;0;0.03;0.24;1.90
Relentless Raptor;0;0;0.05;0.25;1.90
Resplendent Griffin;0;0;0.02;0.20;1.90
Siegehorn Ceratops;0;0;0.10;0.50;3.17
Storm Fleet Sprinter;0;0;0.03;0.24;1.90
Storm the Vault;0;0;0.49;0.97;12.99
Vault of Catlacan;0;0;;;
Zacama, Primal Calamity;0;0;8.00;10.75;19.95
Awakened Amalgam;0;0;0.05;0.30;4.97
Azor's Gateway;0;0;2.78;4.33;11.99
Sanctum of the Sun;0;0;;;
Captain's Hook;0;0;0.05;0.30;2.27
Gleaming Barrier;0;0;0.01;0.15;0.95
Golden Guardian;0;0;0.20;0.52;3.77
Gold-Forge Garrison;0;0;;;
The Immortal Sun;2;2;9.70;12.44;19.99
Orazca Relic;0;0;0.01;0.15;0.95
Silent Gravestone;1;3;0.40;0.81;4.77
Strider Harness;0;0;0.01;0.17;2.00
Traveler's Amulet;0;0;0.01;0.15;0.95
Arch of Orazca;1;1;0.50;1.70;4.99
Evolving Wilds;4;2;0.01;0.17;5.00
Forsaken Sanctuary;0;0;0.02;0.21;1.99
Foul Orchard;0;0;0.02;0.19;1.90
Highland Lake;0;0;0.01;0.20;2.09
Stone Quarry;0;0;0.01;0.18;4.04
Woodland Stream;0;0;0.02;0.18;3.20
Vraska, Scheming Gorgon;0;0;;;5.02
Vampire Champion;0;0;0.10;0.21;1.90
Vraska's Conquistador;0;0;0.05;0.20;2.27
Vraska's Scorn;0;0;0.09;0.35;6.77
Angrath, Minotaur Pirate;0;0;;;4.02
Angrath's Ambusher;0;0;0.05;0.18;0.95
Swab Goblin;0;0;0.01;0.14;0.47
Angrath's Fury;0;0;0.10;0.39;1.88
Cinder Barrens;0;0;0.01;0.18;1.48
Adanto Vanguard;6;4;0.05;0.25;1.99
Ashes of the Abhorrent;0;0;0.15;0.49;4.99
Axis of Mortality;0;0;0.24;0.75;5.17
Bellowing Aegisaur;0;0;0.03;0.22;1.90
Bishop of Rebirth;0;0;0.13;0.42;2.47
Bishop's Soldier;0;0;0.01;0.15;0.95
Bright Reprisal;0;0;0.01;0.20;1.90
Demystify;0;0;0.01;0.15;0.95
Duskborne Skymarcher;0;0;0.02;0.22;1.90
Emissary of Sunrise;0;0;0.01;0.21;1.90
Encampment Keeper;0;0;0.01;0.13;0.95
Glorifier of Dusk;0;0;0.01;0.20;1.90
Goring Ceratops;0;0;0.05;0.34;2.27
Imperial Aerosaur;0;0;0.01;0.19;1.90
Imperial Lancer;0;0;0.01;0.20;1.90
Inspiring Cleric;0;0;0.01;0.20;1.90
Ixalan's Binding;10;3;0.42;1.33;2.49
Kinjalli's Caller;0;0;0.02;0.15;0.95
Kinjalli's Sunwing;0;0;0.30;1.00;6.17
Legion Conquistador;0;0;0.01;0.14;0.95
Legion's Judgment;0;0;0.01;0.14;0.95
Legion's Landing;11;4;2.00;4.40;11.77
Adanto, the First Fort;0;0;;;
Looming Altisaur;0;0;0.01;0.14;0.95
Mavren Fein, Dusk Apostle;0;0;0.45;0.99;6.17
Paladin of the Bloodstained;0;0;0.01;0.13;0.95
Pious Interdiction;0;0;0.01;0.15;1.00
Priest of the Wakening Sun;0;0;0.08;0.35;2.27
Pterodon Knight;0;0;0.01;0.12;0.95
Queen's Commission;0;0;0.01;0.15;0.95
Rallying Roar;0;0;0.01;0.20;1.90
Raptor Companion;0;0;0.01;0.14;0.95
Ritual of Rejuvenation;0;0;0.01;0.15;0.95
Sanguine Sacrament;0;0;0.10;0.37;2.77
Settle the Wreckage;26;3;5.50;7.42;15.99
Sheltering Light;1;3;0.03;0.22;1.90
Shining Aerosaur;0;0;0.01;0.13;0.95
Skyblade of the Legion;0;0;0.01;0.14;0.95
Slash of Talons;0;0;0.01;0.13;0.95
Steadfast Armasaur;0;0;0.01;0.20;1.90
Sunrise Seeker;0;0;0.01;0.13;0.95
Territorial Hammerskull;0;0;0.01;0.15;0.95
Tocatli Honor Guard;0;0;0.12;0.40;4.17
Vampire's Zeal;0;0;0.01;0.14;0.95
Wakening Sun's Avatar;0;0;0.85;1.49;7.17
Air Elemental;0;0;0.01;9.60;149.99
Arcane Adaptation;0;0;0.20;0.62;5.17
Cancel;0;0;0.01;0.26;10.00
Chart a Course;4;3;0.35;0.71;2.00
Daring Saboteur;0;0;0.05;0.35;3.77
Deadeye Quartermaster;0;0;0.02;0.20;1.90
Deeproot Waters;0;0;0.10;0.26;3.12
Depths of Desire;0;0;0.01;0.14;0.95
Dive Down;2;2;0.01;0.17;0.95
Dreamcaller Siren;0;0;0.05;0.37;3.77
Entrancing Melody;0;0;0.10;0.45;7.17
Favorable Winds;0;0;0.01;0.25;2.27
Fleet Swallower;0;0;0.12;0.48;4.99
Headwater Sentries;0;0;0.01;0.12;0.95
Herald of Secret Streams;0;0;0.30;0.70;4.17
Jace, Cunning Castaway;0;0;1.95;3.45;20.77
Kopala, Warden of Waves;0;0;0.15;0.95;5.17
Lookout's Dispersal;0;0;0.08;0.25;2.77
Navigator's Ruin;0;0;0.01;0.20;1.90
One With the Wind;0;0;0.01;0.14;0.95
Opt;2;3;0.02;0.63;3.98
Overflowing Insight;0;0;0.19;0.77;7.77
Perilous Voyage;0;0;0.02;0.21;1.90
Pirate's Prize;0;0;0.01;0.13;0.95
Prosperous Pirates;0;0;0.01;0.13;0.95
River Sneak;0;0;0.06;0.24;3.12
River's Rebuke;0;0;0.50;1.04;2.99
Run Aground;0;0;0.01;0.13;0.95
Sailor of Means;0;0;0.01;0.14;0.95
Search for Azcanta;15;2;19.00;22.20;29.99
Azcanta, the Sunken Ruin;0;0;;;
Shaper Apprentice;0;0;0.01;0.14;0.95
Shipwreck Looter;0;0;0.01;0.13;0.95
Shore Keeper;0;0;0.01;0.14;0.95
Siren Lookout;0;0;0.01;0.14;0.95
Siren Stormtamer;2;4;2.52;3.11;6.40
Siren's Ruse;0;0;0.01;0.14;0.95
Spell Pierce;5;2;0.01;0.31;10.00
Spell Swindle;0;0;0.35;0.81;3.99
Storm Fleet Aerialist;0;0;0.03;0.22;1.90
Storm Fleet Spy;0;0;0.01;0.20;1.90
Storm Sculptor;0;0;0.01;0.14;0.95
Tempest Caller;0;0;0.03;0.24;2.77
Watertrap Weaver;0;0;0.01;0.15;0.95
Wind Strider;0;0;0.01;0.14;0.95
Anointed Deacon;0;0;0.01;0.14;0.95
Arguel's Blood Fast;16;2;0.75;1.99;5.17
Temple of Aclazotz;0;0;;;
Bishop of the Bloodstained;0;0;0.03;0.19;1.90
Blight Keeper;0;0;0.01;0.14;0.95
Bloodcrazed Paladin;0;0;0.09;0.45;2.27
Boneyard Parley;0;0;0.19;0.74;8.18
Contract Killing;0;0;0.01;0.13;0.95
Costly Plunder;0;0;0.01;0.15;0.95
Dark Nourishment;0;0;0.01;0.20;1.90
Deadeye Tormentor;0;0;0.01;0.15;0.95
Deadeye Tracker;0;0;0.25;0.85;3.37
Deathless Ancient;0;0;0.01;0.19;1.90
Desperate Castaways;0;0;0.01;0.13;0.95
Dire Fleet Hoarder;0;0;0.01;0.15;0.95
Dire Fleet Interloper;0;0;0.01;0.13;0.95
Dire Fleet Ravager;0;0;0.22;0.97;15.17
Duress;30;4;0.01;3.52;51.40
Fathom Fleet Captain;0;0;0.12;0.56;3.13
Fathom Fleet Cutthroat;0;0;0.01;0.14;0.95
Grim Captain's Call;0;0;0.01;0.20;1.90
Heartless Pillage;0;0;0.03;0.20;1.90
Kitesail Freebooter;4;4;0.45;0.99;2.00
Lurking Chupacabra;0;0;0.01;0.20;1.90
March of the Drowned;0;0;0.01;0.15;0.95
Mark of the Vampire;0;0;0.01;0.15;0.98
Queen's Agent;0;0;0.01;0.13;0.95
Queen's Bay Soldier;0;0;0.01;0.12;0.95
Raiders' Wake;0;0;0.04;0.29;2.77
Revel in Riches;0;0;0.50;0.99;3.17
Ruin Raider;0;0;0.15;0.65;4.49
Ruthless Knave;0;0;0.03;0.24;1.90
Sanctum Seeker;0;0;0.50;1.25;4.99
Seekers' Squire;4;4;0.03;0.25;1.90
Skittering Heartstopper;0;0;0.01;0.14;0.95
Skulduggery;0;0;0.01;0.14;0.95
Skymarch Bloodletter;0;0;0.01;0.14;0.95
Spreading Rot;0;0;0.01;0.14;0.95
Sword-Point Diplomacy;0;0;0.12;0.40;3.37
Vanquish the Weak;0;0;0.01;0.14;0.95
Vicious Conquistador;0;0;0.10;0.29;1.90
Vraska's Contempt;19;3;12.50;15.15;19.99
Walk the Plank;0;0;0.05;0.32;2.77
Wanted Scoundrels;0;0;0.01;0.21;1.90
Angrath's Marauders;0;0;0.08;0.35;2.27
Bonded Horncrest;0;0;0.01;0.19;0.95
Brazen Buccaneers;0;0;0.01;0.13;0.95
Burning Sun's Avatar;0;0;0.08;0.35;3.95
Captain Lannery Storm;1;2;0.25;0.69;3.47
Captivating Crew;0;0;0.15;0.48;4.99
Charging Monstrosaur;1;4;0.03;0.24;1.90
Demolish;0;0;0.01;0.16;1.96
Dinosaur Stampede;0;0;0.02;0.19;1.20
Dual Shot;0;0;0.01;0.15;2.04
Fathom Fleet Firebrand;0;0;0.01;0.14;0.95
Fiery Cannonade;10;3;0.03;0.23;1.90
Fire Shrine Keeper;0;0;0.01;0.14;0.95
Firecannon Blast;0;0;0.01;0.14;0.95
Frenzied Raptor;0;0;0.01;0.14;0.95
Headstrong Brute;0;0;0.01;0.14;0.95
Hijack;0;0;0.01;0.14;1.88
Lightning Strike;17;4;0.02;0.18;2.10
Lightning-Rig Crew;0;0;0.01;0.21;1.90
Makeshift Munitions;0;0;0.01;0.21;1.90
Nest Robber;0;0;0.01;0.15;0.95
Otepec Huntmaster;0;0;0.20;0.70;2.27
Rampaging Ferocidon;0;0;0.45;1.00;8.99
Raptor Hatchling;0;0;0.02;0.24;1.90
Repeating Barrage;0;0;0.06;0.34;4.99
Rigging Runner;1;4;0.03;0.24;1.90
Rile;0;0;0.01;0.15;0.95
Rowdy Crew;0;0;0.20;0.95;9.99
Rummaging Goblin;0;0;0.01;0.14;0.95
Star of Extinction;1;2;1.00;1.90;7.77
Storm Fleet Arsonist;0;0;0.01;0.20;1.90
Storm Fleet Pyromancer;0;0;0.01;0.13;0.95
Sun-Crowned Hunters;0;0;0.01;0.14;0.95
Sunbird's Invocation;0;0;1.00;1.90;7.17
Sure Strike;0;0;0.01;0.13;150.00
Swashbuckling;0;0;0.01;0.13;0.95
Thrash of Raptors;0;0;0.01;0.14;0.95
Tilonalli's Knight;0;0;0.01;0.13;0.95
Tilonalli's Skinshifter;0;0;0.10;0.34;2.27
Trove of Temptation;0;0;0.02;0.22;1.90
Unfriendly Fire;0;0;0.01;0.13;0.95
Vance's Blasting Cannons;2;2;0.19;0.52;4.47
Spitfire Bastion;0;0;;;
Wily Goblin;0;0;0.05;0.27;2.00
Ancient Brontodon;0;0;0.01;0.14;0.95
Atzocan Archer;0;0;0.01;0.19;1.90
Blinding Fog;0;0;0.01;0.15;0.95
Blossom Dryad;0;0;0.01;0.14;0.95
Carnage Tyrant;10;3;16.50;20.00;29.99
Colossal Dreadmaw;0;0;0.01;0.13;150.00
Commune with Dinosaurs;1;4;0.05;0.18;1.12
Crash the Ramparts;0;0;0.01;0.14;0.95
Crushing Canopy;0;0;0.01;0.12;150.00
Deathgorge Scavenger;7;3;0.58;1.97;10.00
Deeproot Champion;0;0;0.08;0.50;9.99
Deeproot Warrior;0;0;0.01;0.13;0.95
Drover of the Mighty;0;0;0.15;0.35;3.77
Emergent Growth;0;0;0.01;0.20;1.90
Emperor's Vanguard;0;0;0.05;0.30;2.63
Grazing Whiptail;0;0;0.01;0.14;0.95
Growing Rites of Itlimoc;0;0;4.50;6.22;16.99
Itlimoc, Cradle of the Sun;0;0;;;
Ixalli's Diviner;0;0;0.01;0.15;0.95
Ixalli's Keeper;0;0;0.01;0.13;0.95
Jade Guardian;0;0;0.01;0.13;0.95
Jungle Delver;0;0;0.01;0.14;0.95
Kumena's Speaker;0;0;0.01;0.25;1.90
Merfolk Branchwalker;8;4;0.75;1.62;3.00
New Horizons;0;0;0.01;0.15;0.95
Old-Growth Dryads;0;0;0.05;0.36;3.95
Pounce;0;0;0.01;0.15;0.95
Ranging Raptors;0;0;0.15;0.43;1.90
Ravenous Daggertooth;0;0;0.01;0.14;0.95
Ripjaw Raptor;2;3;1.75;3.40;17.99
River Heralds' Boon;0;0;0.01;0.12;0.95
Savage Stomp;0;0;0.04;0.24;1.90
Shapers' Sanctuary;3;2;1.25;2.47;5.00
Slice in Twain;0;0;0.01;0.21;3.44
Snapping Sailback;0;0;0.03;0.23;1.90
Spike-Tailed Ceratops;0;0;0.01;0.14;0.95
Thundering Spineback;0;0;0.03;0.20;2.12
Tishana's Wayfinder;0;0;0.01;0.14;0.95
Verdant Rebirth;0;0;0.02;0.20;1.90
Verdant Sun's Avatar;0;0;0.20;0.50;2.27
Vineshaper Mystic;0;0;0.03;0.20;1.90
Waker of the Wilds;0;0;0.06;0.35;2.27
Wildgrowth Walker;4;4;0.03;0.22;1.90
Admiral Beckett Brass;0;0;0.25;1.00;9.99
Belligerent Brontodon;0;0;0.01;0.19;1.90
Call to the Feast;0;0;0.04;0.23;1.90
Deadeye Plunderers;0;0;0.02;0.22;2.47
Dire Fleet Captain;0;0;0.02;0.22;1.90
Gishath, Sun's Avatar;0;0;1.49;3.59;10.11
Hostage Taker;0;0;2.00;3.14;20.00
Huatli, Warrior Poet;2;2;1.73;3.47;14.47
Marauding Looter;0;0;0.01;0.20;1.90
Raging Swordtooth;0;0;0.03;0.22;1.90
Regisaur Alpha;0;0;0.79;1.58;6.99
Shapers of Nature;0;0;0.02;0.20;2.77
Sky Terror;0;0;0.05;0.25;1.90
Tishana, Voice of Thunder;0;0;0.99;1.79;9.99
Vona, Butcher of Magan;1;2;1.36;2.80;9.99
Vraska, Relic Seeker;14;2;8.25;11.18;17.37
Cobbled Wings;0;0;0.01;0.15;0.95
Conqueror's Galleon;0;0;0.10;0.40;10.00
Conqueror's Foothold;0;0;;;
Dowsing Dagger;0;0;0.34;1.01;7.85
Lost Vale;0;0;;;
Dusk Legion Dreadnought;0;0;0.01;0.20;1.90
Elaborate Firecannon;0;0;0.01;0.20;1.90
Fell Flagship;0;0;0.05;0.37;3.17
Gilded Sentinel;0;0;0.01;0.14;10.00
Hierophant's Chalice;0;0;0.01;0.13;0.95
Pillar of Origins;0;0;0.03;0.25;1.90
Pirate's Cutlass;0;0;0.01;0.14;0.95
Primal Amulet;0;0;1.69;2.58;5.17
Primal Wellspring;0;0;;;
Prying Blade;0;0;0.03;0.15;0.95
Sentinel Totem;2;3;0.04;0.26;1.90
Shadowed Caravel;0;0;0.08;0.35;2.77
Sleek Schooner;0;0;0.01;0.20;1.90
Sorcerous Spyglass;18;2;2.25;3.79;12.99
Thaumatic Compass;0;0;1.33;2.89;9.99
Spires of Orazca;0;0;;;
Treasure Map;4;3;1.75;4.17;9.99
Treasure Cove;0;0;;;
Vanquisher's Banner;1;2;2.99;3.82;9.99
Dragonskull Summit;9;4;1.70;3.43;9.99
Drowned Catacomb;9;4;3.49;5.22;10.79
Field of Ruin;20;2;2.05;3.86;10.00
Glacial Fortress;12;4;2.00;4.66;11.99
Rootbound Crag;1;4;1.50;3.50;11.99
Sunpetal Grove;14;4;1.90;3.70;9.99
Unclaimed Territory;1;4;1.00;2.09;10.00
Unknown Shores;0;0;0.01;0.15;1.12
Jace, Ingenious Mind-Mage;0;0;;;4.83
Castaway's Despair;0;0;0.05;0.14;0.77
Grasping Current;0;0;0.08;0.37;3.99
Jace's Sentinel;0;0;0.09;0.25;2.27
Woodland Stream;0;0;0.02;0.18;3.20
Huatli, Dinosaur Knight;0;0;;;5.57
Huatli's Snubhorn;0;0;0.09;0.25;0.99
Huatli's Spurring;0;0;0.07;0.24;0.70
Sun-Blessed Mount;0;0;0.20;0.69;3.99
Stone Quarry;0;0;0.01;0.18;4.04
Blade Instructor;0;0;0.04;0.12;0.95
Bounty Agent;1;2;0.20;0.45;4.77
Candlelight Vigil;0;0;0.01;0.10;1.40
Citywide Bust;6;3;0.25;0.54;5.98
Collar the Culprit;0;0;0.01;0.10;150.00
Conclave Tribunal;26;3;0.19;0.45;2.99
Crush Contraband;0;0;0.04;0.20;2.99
Dawn of Hope;8;2;0.20;0.54;3.54
Demotion;0;0;0.04;0.15;2.99
Divine Visitation;2;2;4.00;6.00;16.72
Flight of Equenauts;0;0;0.01;0.13;2.99
Gird for Battle;0;0;0.03;0.14;2.99
Haazda Marshal;2;3;0.04;0.15;2.99
Healer's Hawk;0;0;0.04;0.11;0.95
Hunted Witness;4;4;0.03;0.11;0.95
Inspiring Unicorn;0;0;0.01;0.13;2.99
Intrusive Packbeast;0;0;0.02;0.10;150.00
Ledev Guardian;0;0;0.01;0.10;150.00
Light of the Legion;1;1;0.10;0.25;7.18
Loxodon Restorer;0;0;0.01;0.10;0.95
Luminous Bonds;0;0;0.01;0.13;150.00
Parhelion Patrol;0;0;0.01;0.10;150.00
Righteous Blow;0;0;0.01;0.14;150.00
Roc Charger;0;0;0.01;0.11;2.99
Skyline Scout;0;0;0.01;0.10;0.95
Sunhome Stalwart;2;4;0.04;0.19;2.99
Sworn Companions;0;0;0.04;0.10;150.00
Take Heart;0;0;0.01;0.10;0.95
Tenth District Guard;0;0;0.02;0.10;0.95
Venerated Loxodon;7;4;0.78;1.79;4.09
Capture Sphere;0;0;0.03;0.12;150.00
Chemister's Insight;13;3;0.15;0.39;2.99
Citywatch Sphinx;0;0;0.01;0.10;2.99
Dazzling Lights;0;0;0.01;0.10;2.28
Devious Cover-Up;2;2;0.01;0.14;150.00
Dimir Informant;0;0;0.04;0.10;0.95
Disdainful Stroke;22;2;0.03;0.19;150.00
Dream Eater;6;2;3.90;7.00;17.98
Drowned Secrets;0;0;0.08;0.35;13.37
Enhanced Surveillance;0;0;0.05;0.15;2.99
Guild Summit;0;0;0.03;0.14;2.99
Leapfrog;0;0;0.01;0.14;0.95
Maximize Altitude;0;0;0.03;0.12;150.00
Mission Briefing;2;2;4.76;7.02;17.98
Murmuring Mystic;0;0;0.06;0.20;2.99
Muse Drake;0;0;0.01;0.10;150.00
Narcomoeba;0;0;0.10;1.77;10.78
Nightveil Sprite;2;2;0.04;0.18;2.99
Omnispell Adept;0;0;0.10;0.46;5.98
Passwall Adept;0;0;0.01;0.10;150.00
Quasiduplicate;0;0;0.10;0.46;3.58
Radical Idea;4;3;0.01;0.13;0.95
Selective Snare;0;0;0.04;0.15;150.00
Sinister Sabotage;6;4;0.30;0.77;3.99
Thoughtbound Phantasm;0;0;0.05;0.25;3.95
Unexplained Disappearance;0;0;0.02;0.10;150.00
Vedalken Mesmerist;0;0;0.01;0.10;0.69
Wall of Mist;0;0;0.01;0.13;150.00
Watcher in the Mist;0;0;0.03;0.10;150.00
Wishcoin Crab;0;0;0.02;0.10;150.00
Barrier of Bones;0;0;0.01;0.10;0.95
Bartizan Bats;0;0;0.01;0.10;0.95
Blood Operative;0;0;0.40;0.80;3.00
Burglar Rat;2;3;0.04;0.11;0.95
Child of Night;0;0;0.01;0.14;2.04
Creeping Chill;0;0;0.07;0.25;2.99
Dead Weight;8;2;0.01;0.14;2.00
Deadly Visit;0;0;0.01;0.10;0.95
Doom Whisperer;7;4;17.95;19.99;29.98
Douser of Lights;0;0;0.01;0.10;150.00
Gruesome Menagerie;0;0;0.20;0.51;7.17
Hired Poisoner;0;0;0.03;0.10;0.95
Kraul Swarm;0;0;0.01;0.13;2.99
Lotleth Giant;0;0;0.03;0.15;2.99
Mausoleum Secrets;0;0;1.48;2.00;20.00
Mephitic Vapors;0;0;0.02;0.10;150.00
Midnight Reaper;2;4;0.50;0.94;7.20
Moodmark Painter;0;0;0.03;0.11;0.95
Necrotic Wound;0;0;0.10;0.25;2.99
Never Happened;0;0;0.03;0.10;150.00
Pilfering Imp;0;0;0.06;0.18;2.99
Plaguecrafter;3;3;0.20;0.39;2.99
Price of Fame;2;1;0.12;0.25;2.99
Ritual of Soot;14;3;0.75;1.35;11.77
Severed Strands;0;0;0.01;0.10;0.95
Spinal Centipede;0;0;0.01;0.10;150.00
Undercity Necrolisk;0;0;0.03;0.18;2.99
Veiled Shade;0;0;0.03;0.10;150.00
Vicious Rumors;0;0;0.04;0.10;0.95
Whispering Snitch;0;0;0.02;0.15;2.99
Arclight Phoenix;2;3;1.49;3.00;16.78
Barging Sergeant;0;0;0.01;0.14;150.00
Book Devourer;0;0;0.03;0.15;2.99
Command the Storm;0;0;0.01;0.10;150.00
Cosmotronic Wave;0;0;0.04;0.12;150.00
Direct Current;0;0;0.01;0.12;150.00
Electrostatic Field;0;0;0.07;0.16;2.99
Erratic Cyclops;0;0;0.05;0.25;2.27
Experimental Frenzy;10;3;1.04;1.95;11.98
Fearless Halberdier;0;0;0.01;0.10;0.95
Fire Urchin;0;0;0.01;0.10;150.00
Goblin Banneret;1;4;0.08;0.20;2.99
Goblin Cratermaker;4;3;0.06;0.25;2.99
Goblin Locksmith;0;0;0.02;0.10;2.03
Gravitic Punch;0;0;0.04;0.10;0.95
Hellkite Whelp;0;0;0.01;0.14;2.99
Inescapable Blaze;0;0;0.01;0.14;150.00
Lava Coil;22;3;0.12;0.27;2.99
Legion Warboss;7;4;2.79;4.50;9.58
Maniacal Rage;0;0;0.01;0.16;150.00
Maximize Velocity;1;2;0.01;0.10;0.95
Ornery Goblin;0;0;0.02;0.11;0.95
Risk Factor;3;4;3.99;5.25;9.87
Rubblebelt Boar;0;0;0.01;0.10;150.00
Runaway Steam-Kin;7;4;2.99;5.07;9.01
Smelt-Ward Minotaur;0;0;0.03;0.14;150.00
Street Riot;0;0;0.01;0.14;2.99
Sure Strike;0;0;0.01;0.13;150.00
Torch Courier;0;0;0.01;0.10;0.95
Wojek Bodyguard;0;0;0.01;0.10;150.00
Affectionate Indrik;0;0;0.02;0.13;2.99
Arboretum Elemental;0;0;0.01;0.15;2.99
Beast Whisperer;0;0;0.69;1.02;5.17
Bounty of Might;0;0;0.02;0.25;2.27
Circuitous Route;0;0;0.09;0.25;3.95
Crushing Canopy;0;0;0.01;0.12;150.00
Devkarin Dissident;0;0;0.01;0.10;150.00
District Guide;3;4;0.15;0.24;2.99
Generous Stray;0;0;0.03;0.12;150.00
Golgari Raiders;0;0;0.03;0.14;2.99
Grappling Sundew;0;0;0.01;0.15;2.99
Hatchery Spider;0;0;0.09;0.29;3.37
Hitchclaw Recluse;0;0;0.01;0.13;150.00
Ironshell Beetle;0;0;0.02;0.13;0.95
Kraul Foragers;0;0;0.01;0.10;0.95
Kraul Harpooner;3;3;0.03;0.20;2.99
Might of the Masses;0;0;0.01;0.15;2.99
Nullhide Ferox;4;3;7.25;9.25;22.65
Pack's Favor;0;0;0.02;0.11;150.00
Pause for Reflection;0;0;0.01;0.11;0.95
Pelt Collector;6;4;6.95;9.40;17.98
Portcullis Vine;0;0;0.01;0.10;0.95
Prey Upon;0;0;0.01;0.15;10.00
Siege Wurm;0;0;0.01;0.15;0.95
Sprouting Renewal;0;0;0.05;0.17;2.99
Urban Utopia;0;0;0.02;0.10;150.00
Vigorspore Wurm;0;0;0.01;0.11;0.95
Vivid Revival;0;0;0.09;0.25;2.00
Wary Okapi;0;0;0.02;0.10;150.00
Wild Ceratok;0;0;0.01;0.10;150.00
Artful Takedown;0;0;0.01;0.10;150.00
Assassin's Trophy;15;3;17.00;23.03;85.00
Aurelia, Exemplar of Justice;9;3;9.40;14.38;27.58
Beacon Bolt;2;3;0.02;0.15;10.25
Beamsplitter Mage;0;0;0.04;0.14;2.99
Boros Challenger;5;4;0.07;0.20;2.99
Camaraderie;1;1;0.10;0.28;2.27
Centaur Peacemaker;0;0;0.03;0.10;0.95
Chance for Glory;1;2;0.79;1.75;23.98
Charnel Troll;0;0;0.25;0.91;11.98
Conclave Cavalier;2;3;0.04;0.20;2.99
Conclave Guildmage;0;0;0.03;0.15;150.00
Crackling Drake;3;3;0.03;0.19;2.99
Darkblade Agent;0;0;0.03;0.11;150.00
Deafening Clarion;23;2;0.60;1.00;3.37
Dimir Spybug;0;0;0.09;0.20;2.99
Disinformation Campaign;1;4;0.07;0.18;2.99
Emmara, Soul of the Accord;6;4;0.50;1.14;11.17
Erstwhile Trooper;0;0;0.02;0.10;0.95
Etrata, the Silencer;0;0;0.50;0.94;6.30
Firemind's Research;0;0;0.35;0.50;5.98
Garrison Sergeant;0;0;0.01;0.10;150.00
Glowspore Shaman;1;3;0.07;0.25;2.99
Goblin Electromancer;2;4;0.03;0.19;1.01
Golgari Findbroker;5;3;0.07;0.20;2.99
Hammer Dropper;0;0;0.03;0.11;1.90
House Guildmage;0;0;0.03;0.14;2.99
Hypothesizzle;0;0;0.01;0.10;0.95
Ionize;5;3;0.65;3.49;9.54
Izoni, Thousand-Eyed;3;3;0.39;0.70;5.17
Join Shields;0;0;0.05;0.14;2.99
Justice Strike;13;3;0.09;0.25;2.99
Knight of Autumn;13;3;3.39;4.98;11.17
Lazav, the Multifarious;2;2;3.95;5.50;12.37
League Guildmage;0;0;0.03;0.15;2.99
Ledev Champion;0;0;0.03;0.13;2.99
Legion Guildmage;0;0;0.03;0.11;2.99
March of the Multitudes;4;3;8.25;13.92;32.99
Mnemonic Betrayal;0;0;1.25;2.49;15.58
Molderhulk;0;0;0.03;0.15;2.99
Nightveil Predator;0;0;0.06;0.23;3.95
Niv-Mizzet, Parun;5;2;1.00;1.60;10.78
Notion Rain;3;4;0.04;0.14;0.95
Ochran Assassin;0;0;0.03;0.16;2.99
Ral, Izzet Viceroy;3;1;7.75;9.99;24.99
Rhizome Lurcher;0;0;0.03;0.10;0.95
Rosemane Centaur;0;0;0.01;0.14;150.00
Skyknight Legionnaire;0;0;0.02;0.15;7.00
Sonic Assault;0;0;0.01;0.12;0.95
Sumala Woodshaper;0;0;0.01;0.10;0.95
Swarm Guildmage;0;0;0.03;0.18;2.99
Swathcutter Giant;0;0;0.02;0.12;2.99
Swiftblade Vindicator;7;4;0.89;1.91;4.72
Tajic, Legion's Edge;8;3;1.99;3.00;8.38
Thief of Sanity;3;4;1.48;2.45;4.17
Thought Erasure;3;4;0.20;0.55;2.99
Thousand-Year Storm;0;0;1.00;2.49;11.99
Trostani Discordant;2;3;2.09;3.25;11.99
Truefire Captain;0;0;0.04;0.17;2.99
Undercity Uprising;0;0;0.01;0.10;0.95
Underrealm Lich;0;0;3.00;4.89;21.58
Unmoored Ego;1;2;1.00;1.95;10.75
Vraska, Golgari Queen;5;2;9.95;12.47;29.88
Wee Dragonauts;0;0;0.03;0.18;2.99
Worldsoul Colossus;0;0;0.02;0.13;150.00
Fresh-Faced Recruit;0;0;0.03;0.10;0.95
Piston-Fist Cyclops;0;0;0.02;0.10;0.95
Pitiless Gorgon;0;0;0.03;0.10;150.00
Vernadi Shieldmate;0;0;0.01;0.10;150.00
Whisper Agent;0;0;0.03;0.10;0.95
Assure;0;0;;;
Assemble;0;0;;;
Connive;0;0;;;
Concoct;0;0;;;
Discovery;0;0;;;
Dispersal;0;0;;;
Expansion;0;0;;;
Explosion;0;0;;;
Find;0;0;;;
Finality;0;0;;;
Flower;0;0;;;
Flourish;0;0;;;
Integrity;0;0;;;
Intervention;0;0;;;
Invert;0;0;;;
Invent;0;0;;;
Response;0;0;;;
Resurgence;0;0;;;
Status;0;0;;;
Statue;0;0;;;
Boros Locket;0;0;0.03;0.10;150.00
Chamber Sentry;0;0;0.15;0.49;2.38
Chromatic Lantern;1;3;2.70;10.38;26.99
Dimir Locket;0;0;0.03;0.10;150.00
Gatekeeper Gargoyle;0;0;0.03;0.11;150.00
Glaive of the Guildpact;0;0;0.03;0.12;2.99
Golgari Locket;0;0;0.01;0.10;0.95
Izzet Locket;0;0;0.01;0.10;0.95
Rampaging Monument;0;0;0.02;0.15;2.99
Selesnya Locket;0;0;0.01;0.10;150.00
Silent Dart;0;0;0.04;0.25;2.99
Wand of Vertebrae;0;0;0.04;0.15;9.00
Boros Guildgate (a);0;0;;;
Boros Guildgate (b);0;0;;;
Dimir Guildgate (a);0;0;;;
Dimir Guildgate (b);0;0;;;
Gateway Plaza;0;0;0.04;0.10;0.95
Golgari Guildgate (a);0;0;;;
Golgari Guildgate (b);0;0;;;
Guildmages' Forum;0;0;0.20;0.50;3.17
Izzet Guildgate (a);0;0;;;
Izzet Guildgate (b);0;0;;;
Overgrown Tomb;16;4;5.50;10.78;35.00
Sacred Foundry;22;4;6.50;14.24;388.63
Selesnya Guildgate (a);0;0;;;
Selesnya Guildgate (b);0;0;;;
Steam Vents;10;4;7.25;15.68;41.90
Temple Garden;15;4;4.76;10.57;20.50
Watery Grave;6;4;6.59;15.42;30.40
Ral, Caller of Storms;0;0;;;8.00
Ral's Dispersal;0;0;0.40;0.83;5.98
Precision Bolt;0;0;0.07;0.25;9.00
Ral's Staticaster;0;0;0.05;0.23;2.99
Vraska, Regal Gorgon;0;0;;;8.99
Kraul Raider;0;0;0.05;0.20;1.99
Attendant of Vraska;0;0;0.09;0.20;2.99
Vraska's Stoneglare;0;0;0.30;1.12;9.00
Impervious Greatwurm;0;0;;;11.20
